{
  "id": "aga",
  "name": "steel",
  "is_ingot": true,
  "blocks": {
    "ore": {
      "pickaxe": 3,
      "color": "#808080",
      "item": {
        "min": 1,
        "max": 3
      },
      "feature": {
        "y": {
          "min": -60,
          "max": 64
        },
        "ores": 8,
        "iterations": 10
      }
    },
    "block": {
      "pickaxe": 3,
      "color": "#ff0000"
    }
  },
  "tools": {
    "durability": 5733,
    "speed": 8,
    "dmg_sword": 2,
    "pickaxe_lvl": 3
  },
  "armor": {
    "durability": {
      "helmet": 393,
      "chestplate": 473,
      "leggings": 484,
      "boots": 724
    },
    "protection": {
      "helmet": 3,
      "chestplate": 7,
      "leggings": 6,
      "boots": 4,
      "Cada punto es medio icono de peto": "el maximo total es de 20"
    }
  }
}
