{
  "resource_pack_name": "Agac",
  "texture_name": "atlas.items",
  "texture_data": {
    "material": {
      "textures": "textures/items/material"
    },
    "material_helmet": {
      "textures": "textures/items/material_helmet"
    },
    "material_chestplate": {
      "textures": "textures/items/material_chestplate"
    },
    "material_leggings": {
      "textures": "textures/items/material_leggings"
    },
    "material_boots": {
      "textures": "textures/items/material_boots"
    }
  }
}