{
  "names": {
    "name": {
      "male": [
        "Adrian",
        "Angel",
        "Carlos",
        "Christian",
        "Eduardo",
        "Ernesto",
        "Esteban",
        "Fernando",
        "Gabriel",
        "Harry",
        "Hector",
        "Juan",
        "Judas",
        "Lucas",
        "Luis",
        "Marcos",
        "Miguel",
        "Miles",
        "Pablo",
        "Pedro",
        "Peter"
      ],
      "feminine": [
        "Alexandra",
        "Alice",
        "Amelia",
        "Anna",
        "Barbara",
        "Chloe",
        "Denise",
        "Dolores",
        "Emma",
        "Emily",
        "Eva",
        "Guadalupe",
        "Gwen",
        "Jane",
        "Jessica",
        "Josefina",
        "Juana",
        "Luisa",
        "Maria",
        "Ofelia",
        "Raquel",
        "Samantha",
        "Sara",
        "Sofia",
        "Valeria"
      ]
    },
    "lastName": [
      "Avila",
      "Calderon",
      "Fernandez",
      "Franco",
      "Gomez",
      "Gonzalez",
      "Gutierrez",
      "Hernandez",
      "Hidalgo",
      "Jimenez",
      "Lopez",
      "Mendoza",
      "Morales",
      "Perez",
      "Rodriguez",
      "Santa Anna",
      "Valencia",
      "Vazquez",
      "Velazquez",
      "Victoria"
    ]
  },
  "World": {
    "America": {
      "Mexico": [ "Mexico City", "Hidalgo", "Veracruz" ]
    }
  }
}
