{
  "format_version": "1.8.0",
  "minecraft:attachable": {
    "description": {
      "identifier": "aga:material_chestplate",
      "materials": {
        "default": "armor",
        "enchanted": "armor_enchanted"
      },
      "textures": {
        "default": "material_1",
        "enchanted": "textures/misc/enchanted_item_glint"
      },
      "geometry": {
        "default": "geometry.humanoid.armor.chestplate"
      },
      "scripts": {
        "parent_setup": "variable.chestplate_layer_visible = 0.0;"
      },
      "render_controllers": {
        "0": "controller.render.armor"
      }
    }
  }
}