{
  "id": "aga",
  "name": "material",
  "config": {
    "material": "minecraft:emerald",
    "armor": {
      "helmet": { "durability": 816, "armor": 4 },
      "chestplate": { "durability": 1108, "armor": 6 },
      "leggings": { "durability": 1108, "armor": 5 },
      "boots": { "durability": 960, "armor": 3 }
    },
    "tools": {
      "damageSword": 7,
      "speedMining": 5,
      "durability": 520,
      "levelPickaxe": 4,
      "stick": "minecraft:stick"
    }
  }
}
