{
  "id": "aga",
  "name": "steel",
  "is_ingot": true,
  "blocks": {
    "ore": {
      "pickaxe": 3,
      "color": "#808080",
      "item": {
        "min": 1,
        "max": 3
      },
      "feature": {
        "y": {
          "min": -60,
          "max": 64
        },
        "ores": 8,
        "iterations": 10
      }
    },
    "block": {
      "pickaxe": 3,
      "color": "#ff0000",
      "sound": "metal",
      "crafting": [
        ["O0O"],
        ["O0O"],
        ["O0O"]
      ]
    }
  }
}
