{
  "format_version": "1.16.100",
  "minecraft:item": {
    "description": {
      "identifier": "aga:material_chestplate"
    },
    "components": {
      "minecraft:max_stack_size": 1,
      "minecraft:enchantable": {
        "value": 15,
        "slot": "armor_torso"
      },
      "minecraft:durability": {
        "max_durability": 1108
      },
      "minecraft:armor": {
        "protection": 6
      },
      "minecraft:icon": {
        "texture": "material_chestplate"
      },
      "minecraft:wearable": {
        "slot": "slot.armor.chest"
      },
      "minecraft:creative_category": {
        "parent": "itemGroup.name.chestplate"
      }
    },
    "events": {}
  }
}