{
  "format_version": "1.16.100",
  "minecraft:item": {
    "description": {
      "identifier": "aga:material_leggings"
    },
    "components": {
      "minecraft:max_stack_size": 1,
      "minecraft:enchantable": {
        "value": 15,
        "slot": "armor_legs"
      },
      "minecraft:durability": {
        "max_durability": 1108
      },
      "minecraft:armor": {
        "protection": 5
      },
      "minecraft:icon": {
        "texture": "material_leggings"
      },
      "minecraft:wearable": {
        "slot": "slot.armor.legs"
      },
      "minecraft:creative_category": {
        "parent": "itemGroup.name.leggings"
      }
    },
    "events": {}
  }
}