{
  "format_version": "1.16.100",
  "minecraft:item": {
    "description": {
      "identifier": "aga:material_boots"
    },
    "components": {
      "minecraft:max_stack_size": 1,
      "minecraft:enchantable": {
        "value": 15,
        "slot": "armor_feet"
      },
      "minecraft:durability": {
        "max_durability": 960
      },
      "minecraft:armor": {
        "protection": 3
      },
      "minecraft:icon": {
        "texture": "material_boots"
      },
      "minecraft:wearable": {
        "slot": "slot.armor.feet"
      },
      "minecraft:creative_category": {
        "parent": "itemGroup.name.boots"
      }
    },
    "events": {}
  }
}