{
  "format_version": "1.16.100",
  "minecraft:item": {
    "description": {
      "identifier": "aga:material_helmet"
    },
    "components": {
      "minecraft:max_stack_size": 1,
      "minecraft:enchantable": {
        "value": 15,
        "slot": "armor_head"
      },
      "minecraft:durability": {
        "max_durability": 816
      },
      "minecraft:armor": {
        "protection": 4
      },
      "minecraft:icon": {
        "texture": "material_helmet"
      },
      "minecraft:wearable": {
        "slot": "slot.armor.head"
      },
      "minecraft:creative_category": {
        "parent": "itemGroup.name.helmet"
      }
    },
    "events": {}
  }
}