{
  "description": {
    "identifier": "aga:material_2",
    "properties": {
      "aga:stuff": [
        "none",
        "chisel"
      ]
    }
  },
  "components": {
    "minecraft:crafting_table": {
      "grid_size": 3,
      "custom_description": "hudScreen.tooltip.crafting",
      "crafting_tags": [
        "crafting_table"
      ]
    },
    "minecraft:creative_category": {
      "group": "ItemGroup.name.Construction",
      "category": "Construction"
    },
    "tag:stone": {},
    "minecraft:destroy_time": 5,
    "minecraft:map_color": "#000000",
    "minecraft:on_player_placing": {
      "event": "place"
    },
    "minecraft:on_interact": {
      "event": "fill",
      "condition": "(query.get_equipped_item_name('main_hand') == 'chisel')"
    }
  },
  "permutations": [
    {
      "condition": "(query.block_property('aga:stuff') == 'chisel')",
      "components": {
        "minecraft:ticking": {
          "looping": false,
          "range": [
            0,
            0
          ],
          "on_tick": {
            "event": "block_chisel",
            "target": "self"
          }
        }
      }
    }
  ],
  "events": {
    "place": {
      "set_block_property": {
        "aga:stuff": "none"
      }
    },
    "fill": {
      "set_block_property": {
        "aga:stuff": "query.get_equipped_item_name('main_hand')"
      }
    },
    "block_chisel": {
      "set_block": {
        "block_type": "aga:material_1"
      }
    }
  }
}